"","roi","N","mean","ci"
"1","vmPFC",29,0.381999317890152,0.581940666165115
"2","VS",29,0.298157924575656,0.237496868820908
"3","midbrain",29,0.0750168593072628,0.223905612034913
