"","CS_ID","se","N","mean"
"1","Devalued",0.0177525625429853,29,-0.0160482510387175
"2","Valued",0.0177525625429853,29,0.0383599974018979
