"","US_ID","se","N","mean"
"1","salty",0.16806221688504,29,7.40229885057471
"2","sweet",0.16806221688504,29,7.52873563218391
