"","CS_ID","se","N","mean"
"1","Devalued",0.0261596123322746,29,-0.144234333063201
"2","Valued",0.0261596123322746,29,0.0184595563104798
