"","eyes_response","N","ci","mean"
"1","Dwell time",29,0.0593829404762473,0.0544082484406154
"2","Pupil",29,0.0875048150512211,0.162693889373681
