"","run","se","N","mean"
"1","1",0.2514467509166,29,7.47059609730019
"2","2",0.188513506588667,29,6.88438920074846
"3","3",0.273320243773374,28,4.91805094130676
