"","parameter_name","se","N","mean"
"1","eta",0.0523753686487241,29,0.470553547689655
"2","alpha",0.0523753686487241,29,0.273577266068966
